,mean,std,skew,kurtosis
dockq,0.29012863636363634,0.33948191703957903,0.7342298788747669,-1.209459019941838
ptm,0.6917277272727272,0.13658395424575137,0.1280337048194561,-0.9588149989697179
iptm,0.4853413636363637,0.26886577634445813,0.217348627859223,-1.2537419214444996
ranking_confidence,0.5362222727272727,0.2328147855163685,0.2982735838615358,-1.2485647695413107
