,mean,std,skew,kurtosis
dockq,0.34855423032876176,0.3221220997104024,0.32922036069136457,-1.5620022833742957
ptm,0.5454773165025407,0.1826027580379423,0.3397338197984832,-0.8924275945063149
iptm,0.5182034506774136,0.17347262013604517,0.3397338197984847,-0.8924275945063149
ranking_confidence,0.5454773165025407,0.1826027580379423,0.3397338197984832,-0.8924275945063149
